,rouge1,rouge2,rougeL,rougeLsum
pegasus,0.023467343544878783,0.0,0.023102422762909414,0.02334638277262232
